Full,Stem,Index,Min,Max,Total,Keep,Root_Index
home,home,1,4,413,12134,1,
pride,pride,2,0,7,107,1,
of,of,3,1,388,12432,0,
ownership,ownership,4,0,7,113,1,
is,i,5,0,227,7609,0,
the,the,7,3,830,26216,0,
moment,moment,8,0,5,121,0,
you,you,9,0,93,3403,0,
enter,enter,10,0,10,260,0,
this,thi,11,2,255,8916,0,
impressive,impress,12,0,10,173,0,
perched,perch,14,0,15,350,1,
along,along,15,0,10,245,0,
burke,burk,16,0,11,286,1,
gilman,gilman,17,0,11,278,1,
trail,trail,18,0,21,465,1,
special,special,19,0,14,304,0,
has,ha,20,1,146,5219,0,
all,all,21,0,105,3339,0,
right,right,22,0,15,348,0,
spaces,space,23,0,160,5228,1,
on,on,24,1,334,10310,0,
your,your,25,0,106,2889,0,
list,list,27,0,18,332,0,
for,for,28,0,271,8769,0,
ideal,ideal,29,0,19,553,0,
active,activ,30,0,9,128,1,
lifestyle,lifestyl,31,0,10,234,1,
oversized,overs,32,0,25,608,1,
master,master,33,1,142,4213,1,
suite,suit,34,0,89,2583,1,
w,w,35,0,349,10808,0,
adjoining,adjoin,36,0,11,227,1,
sitting,sit,37,0,34,898,1,
room,room,38,3,426,13868,1,
deck,deck,39,0,175,5167,1,
perfect,perfect,40,0,73,2018,0,
place,place,41,0,21,426,0,
to,to,42,4,647,18523,0,
relax,relax,43,0,21,495,0,
boasts,boast,44,0,26,758,0,
bdrms,bdrm,46,0,68,1572,1,82
including,includ,47,0,87,2817,0,
private,privat,48,0,109,3210,1,
living,live,49,2,220,7030,1,
possible,possibl,50,0,21,438,0,
pair,pair,52,0,2,31,0,
enjoy,enjoi,53,0,68,1867,0,
open,open,54,0,146,4692,1,
kitchen,kitchen,55,1,292,9503,1,
layout,layout,56,0,9,253,1,81
family,famili,57,0,83,2753,1,
mature,matur,58,0,20,600,1,
lush,lush,59,0,17,405,1,
yard,yard,60,0,117,4064,1,
can,can,61,0,19,558,0,
be,be,62,0,50,1317,0,
from,from,63,0,120,3553,0,
large,larg,65,0,188,6282,1,
truly,truli,66,0,13,289,0,
gem,gem,67,0,16,325,1,
sunny,sunni,68,0,40,1034,1,90
and,and,69,4,1140,30464,0,
bright,bright,70,0,44,1099,1,
unit,unit,71,0,14,192,0,
quiet,quiet,72,0,52,1547,1,
side,side,73,0,24,712,0,
building,build,74,0,21,309,1,
with,with,75,4,607,18139,0,
full,full,76,0,115,3152,0,
western,western,77,0,9,227,1,
exposure,exposur,78,0,10,261,1,
in,in,79,4,500,16673,0,
well,well,80,0,43,1276,0,
maintained,maintain,81,0,33,891,1,
newer,newer,82,0,56,1841,1,
windows,window,83,0,127,4442,1,
spacious,spaciou,84,0,121,3468,1,
floorplan,floorplan,85,0,10,212,1,
bedroom,bedroom,86,2,250,7565,1,
bath,bath,87,3,291,8660,1,
2nd,2nd,88,0,45,1017,1,
tiled,tile,89,0,61,2029,1,
tub,tub,90,0,30,1038,1,
shower,shower,91,0,21,466,1,
surrounds,surround,92,0,21,629,0,
fireplace,fireplac,93,0,137,4343,1,
sun,sun,94,0,23,626,1,
appliances,applianc,95,0,81,2355,1,
range,rang,96,0,19,586,1,
fridge,fridg,97,0,6,122,1,992
dishwasher,dishwash,98,0,5,122,1,
plus,plu,100,0,48,1331,0,
washer,washer,101,0,10,195,1,
dryer,dryer,102,0,10,205,1,
dining,dine,104,0,141,4770,1,
formal,formal,105,0,59,1851,0,
entry,entri,106,0,41,1131,0,
hardwoods,hardwood,107,0,127,4484,1,
freshly,freshli,108,0,17,381,0,
painted,paint,109,0,55,1855,1,
thruout,thruout,110,0,5,62,0,
new,new,111,1,189,6852,1,
light,light,112,1,144,4295,1,
fixtures,fixtur,113,0,15,389,0,
storage,storag,114,0,93,2698,1,
more,more,115,0,44,1471,0,
great,great,116,0,128,4093,0,
updated,updat,117,0,156,5282,1,
georgetown,georgetown,118,0,5,58,1,
charmer,charmer,119,0,12,318,0,
beautiful,beauti,120,0,70,2254,0,
street,street,121,0,116,3615,0,
club,club,122,0,10,184,0,
original,origin,124,0,61,1571,1,
character,charact,125,0,15,314,1,
details,detail,126,0,41,1295,1,
incl,incl,127,0,12,232,0,
picture,pictur,128,0,17,553,1,
rail,rail,129,0,37,806,1,
molding,mold,130,0,18,503,1,
knobs,knob,131,0,4,75,1,
fir,fir,132,0,27,632,1,
floors,floor,133,0,339,10564,1,
romantic,romant,134,0,5,103,0,
period,period,135,0,24,838,0,
will,will,136,0,34,1057,0,
make,make,137,0,29,955,0,
fall,fall,138,0,9,129,1,
love,love,139,0,57,1796,0,
step,step,140,0,24,742,0,
inside,insid,141,0,21,629,0,
kind,kind,142,0,7,126,0,
t,t,144,0,16,535,0,
miss,miss,145,0,16,417,0,
huge,huge,146,0,67,1916,1,
fully,fulli,147,0,56,1824,0,
fenced,fenc,148,0,82,2590,1,
outdoor,outdoor,149,0,37,927,1,
play,plai,150,0,17,560,1,
triple,tripl,151,0,3,32,0,
paned,pane,152,0,26,655,1,
electric,electr,153,0,35,1126,1,
plumbing,plumb,154,0,45,1400,1,
bonus,bonu,155,0,38,1018,0,
features,featur,156,0,122,3268,0,
wine,wine,157,0,11,307,1,
cellar,cellar,158,0,8,168,1,
detached,detach,160,0,43,1288,1,
office,offic,161,0,52,1802,1,
music,music,162,0,3,34,1,
art,art,163,0,11,287,1,
studio,studio,164,0,19,503,1,
or,or,165,0,110,3043,0,
mil,mil,166,0,27,378,0,
remodeled,remodel,168,0,86,3083,1,
lot,lot,170,0,132,3767,1,
natural,natur,171,0,37,1123,1,
sw,sw,172,0,6,100,1,1461
located,locat,173,0,134,4078,1,
n,n,174,0,5,87,1,539
beacon,beacon,175,0,24,309,1,
hill,hill,176,0,45,1023,1,
it,it,177,0,73,2336,0,
s,,178,0,116,3116,0,
easy,easi,179,0,65,1612,0,
access,access,180,0,85,2683,1,
bus,bu,181,0,37,781,1,
shops,shop,182,0,84,2918,1,
grocery,groceri,183,0,8,162,1,
parks,park,184,0,209,5172,1,
hospital,hospit,186,0,7,115,1,
etc,etc,187,0,7,196,0,
backyard,backyard,188,0,83,2315,1,
basement,basement,189,0,84,2685,1,
rents,rent,190,0,11,120,1,181
up,up,191,0,59,1538,0,
rental,rental,194,0,12,158,1,
sites,site,195,0,14,427,1,
inc,inc,197,0,3,56,0,
roof,roof,198,0,59,1993,1,
dbl,dbl,199,0,9,109,0,
crown,crown,200,0,12,380,1,
doors,door,201,0,67,2310,1,
fix,fix,202,0,2,23,1,
elec,elec,204,0,4,60,0,
line,line,206,0,43,1212,0,
refinished,refinish,207,0,31,743,1,
hrdwds,hrdwd,208,0,6,134,1,101
french,french,209,0,41,1259,1,
drain,drain,210,0,3,32,0,
landscaping,landscap,212,0,55,1638,1,
near,near,213,0,24,643,1,
cap,cap,217,0,5,35,0,
quite,quit,219,0,2,35,0,
neighborhood,neighborhood,220,0,71,1904,1,
tucked,tuck,221,0,10,174,0,
off,off,222,0,85,2771,0,
oak,oak,223,0,34,909,1,
carpet,carpet,224,0,32,1011,1,
area,area,225,0,96,3141,1,
gas,ga,226,0,92,2830,1,
serene,seren,227,0,14,272,0,
back,back,228,0,83,2474,0,
garden,garden,229,0,95,2818,1,
views,view,230,1,212,5654,1,
city,citi,231,0,49,1496,1,
mt,mt,232,0,19,615,1,
rainier,rainier,233,0,27,513,1,
fr,fr,234,0,4,48,0,
separate,separ,235,0,36,887,1,
daylight,daylight,236,0,24,617,1,
income,incom,238,0,7,114,1,
potential,potenti,239,0,48,1021,1,
car,car,240,0,112,3070,1,
garage,garag,241,0,149,4722,1,
story,stori,243,0,20,608,1,
house,hous,244,0,36,1323,1,
main,main,246,0,144,4204,1,
level,level,247,0,224,5816,1,
front,front,248,0,46,1466,0,
eating,eat,249,0,45,1572,1,
slider,slider,250,0,11,209,1,
covered,cover,251,0,42,1028,1,
providing,provid,252,0,17,566,0,
boeing,boe,253,0,4,31,1,
field,field,254,0,6,84,0,
upper,upper,255,0,35,891,0,
non,non,256,0,9,224,0,
conforming,conform,257,0,8,194,0,
two,two,258,0,73,2149,1,
unfinished,unfinish,259,0,25,585,1,
half,half,260,0,13,274,0,
fruit,fruit,261,0,12,366,1,
trees,tree,262,0,35,1027,1,
carport,carport,263,0,15,321,1,
value,valu,264,0,9,203,1,
land,land,265,0,6,113,1,
freeways,freewai,266,0,17,377,1,
exceptional,except,267,0,12,228,0,
last,last,268,0,7,173,0,
end,end,269,0,25,740,1,
setting,set,270,0,35,845,1,
popular,popular,271,0,10,187,0,
minutes,minut,272,0,40,955,1,
link,link,273,0,3,59,0,
things,thing,274,0,3,52,0,
seattle,seattl,275,0,98,2082,1,
blend,blend,276,0,10,255,1,
quality,qualiti,277,0,22,508,1,
design,design,278,0,56,1473,1,
ft,ft,280,0,36,749,0,
ceilings,ceil,281,0,102,3485,1,
maple,mapl,282,0,14,520,1,
granite,granit,283,0,61,1770,1,
finishes,finish,284,0,78,2536,1,
built,built,285,0,68,2493,1,
luxurious,luxuri,286,0,18,365,1,
owner,owner,287,0,21,568,1,
vaulted,vault,288,0,29,844,1,
second,second,289,0,19,512,0,
frplc,frplc,290,0,9,201,1,89
five,five,291,0,4,81,0,
piece,piec,292,0,12,307,0,
extends,extend,293,0,5,106,0,
patio,patio,294,0,81,2548,1,
low,low,295,0,14,309,0,
maintenance,mainten,296,0,9,241,1,
hardi,hardi,297,0,3,39,1,101
board,board,298,0,2,32,0,
major,major,299,0,8,155,0,
commutes,commut,300,0,30,538,1,
classic,classic,301,0,50,1488,0,
brick,brick,302,0,32,875,1,
unobstructed,unobstruct,303,0,5,71,1,
lake,lake,304,1,85,2082,1,
washington,washington,305,0,29,557,1,
island,island,307,0,19,477,1,
charm,charm,309,0,80,2793,1,
abundant,abund,311,0,12,398,0,
hard,hard,312,0,6,112,1,
wood,wood,313,0,80,1935,1,
month,month,314,0,5,58,0,
law,law,315,0,10,151,0,
apartment,apart,316,0,6,113,1,
needs,need,317,0,19,397,0,
some,some,318,0,16,306,0,
tlc,tlc,319,0,7,83,0,
cozy,cozi,320,0,30,715,1,
laundry,laundri,321,0,47,1437,1,
school,school,322,0,42,1119,1,
must,must,323,0,27,468,0,
see,see,324,0,34,775,0,
filled,fill,325,0,43,1267,0,
panoramic,panoram,326,0,9,152,1,
mountains,mountain,327,0,36,956,1,
throughout,throughout,328,0,67,1783,0,
counter,counter,329,0,58,1967,1,
tops,top,330,0,44,1312,0,
ss,ss,331,0,20,548,1,344
hurry,hurri,333,0,5,101,0,
go,go,334,0,10,163,0,
fast,fast,335,0,2,40,0,
leschi,leschi,336,0,8,90,0,
craftsman,craftsman,337,0,57,1916,1,
today,todai,339,0,12,297,0,
flowing,flow,340,0,27,618,0,
plan,plan,341,0,70,1968,1,81
offers,offer,342,0,72,2188,0,
gorgeous,gorgeou,343,0,42,1059,1,
box,box,344,0,15,269,0,
beams,beam,345,0,17,352,1,
inlaid,inlaid,346,0,5,71,0,
leaded,lead,347,0,52,1349,1,
gourmet,gourmet,348,0,23,508,1,
kit,kit,349,0,19,350,1,51
drs,dr,350,0,10,231,1,188
entertaining,entertain,351,0,108,3036,1,
3rd,3rd,352,0,24,589,0,
fl,fl,353,0,3,56,0,
mstr,mstr,354,0,6,149,1,30
lower,lower,355,0,100,2827,0,
media,media,356,0,26,755,1,
work,work,357,0,19,692,1,
out,out,358,0,53,1719,0,
secret,secret,359,0,3,62,0,
very,veri,360,0,26,756,0,
mtn,mtn,361,0,9,215,1,
vistas,vista,362,0,5,99,1,
bungalow,bungalow,363,0,24,770,1,
heart,heart,364,0,29,835,1,
turn,turn,365,0,12,313,0,
key,kei,366,0,6,177,1,1517
stainless,stainless,367,0,47,1485,1,
clawfoot,clawfoot,368,0,4,57,1,
recently,recent,369,0,14,477,0,
rec,rec,370,0,43,1246,1,
stone,stone,371,0,15,436,1,
block,block,372,0,54,1451,1,
pergola,pergola,373,0,2,32,1,
exterior,exterior,375,0,22,569,1,
system,system,376,0,27,1080,0,
centrally,central,377,0,15,317,1,
by,by,378,0,52,1514,0,
downtown,downtown,379,0,54,1456,1,
ravenna,ravenna,380,0,9,214,1,
sf,sf,382,0,11,228,1,670
bathroom,bathroom,383,0,48,1625,1,
better,better,386,0,4,82,0,
nice,nice,388,0,29,942,0,
amazing,amaz,389,0,30,609,0,
style,style,390,0,26,893,0,
bed,bed,391,0,53,1492,1,82
stairs,stair,392,0,6,138,1,
down,down,393,0,18,493,0,
move,move,394,0,32,995,0,
ready,readi,395,0,45,1242,0,
also,also,396,0,16,545,0,
plenty,plenti,397,0,31,849,0,
that,that,398,0,61,1995,0,
pets,pet,399,0,6,91,1,
wonderful,wonder,400,0,26,997,0,
three,three,401,0,29,761,0,
fresco,fresco,404,0,4,53,1,
fabulous,fabul,405,0,17,612,0,
restaurants,restaur,406,0,50,1350,1,
village,villag,407,0,22,569,1,
u,u,408,0,9,269,1,380
university,univers,410,0,7,142,1,
children,children,411,0,7,129,1,
much,much,412,0,18,467,0,
short,short,413,0,19,469,0,
walk,walk,414,1,116,3351,1,
alaska,alaska,415,0,7,115,1,
st,st,416,0,7,170,1,115
junction,junction,417,0,15,366,0,
studs,stud,418,0,8,141,1,
slab,slab,420,0,18,484,1,
glass,glass,421,0,34,1041,1,
creative,creativ,422,0,6,110,0,
sellers,seller,423,0,8,134,0,
renovated,renov,424,0,19,544,1,
adding,ad,425,0,7,187,0,
creating,creat,426,0,16,408,0,
modern,modern,427,0,62,1508,1,
flex,flex,428,0,12,138,0,
guest,guest,429,0,30,838,1,
quarters,quarter,430,0,8,213,0,
upgrades,upgrad,432,0,22,587,1,
plank,plank,433,0,6,107,0,
double,doubl,434,0,36,1033,0,
hung,hung,435,0,2,26,0,
vinyl,vinyl,436,0,12,347,1,
copper,copper,437,0,11,266,1,
interior,interior,439,0,28,835,1,
beautifully,beautifulli,440,0,32,894,0,
prime,prime,442,0,12,219,0,
genesee,genese,443,0,5,98,1,
just,just,444,0,68,2050,0,
immaculate,immacul,445,0,8,237,0,
rambler,rambler,446,0,18,545,1,
peek,peek,447,0,8,177,1,
sound,sound,448,0,50,1251,1,
corner,corner,449,0,38,1055,1,
burning,burn,450,0,34,688,1,
extra,extra,451,0,27,814,0,
gutters,gutter,452,0,8,136,1,
r,r,453,0,4,42,0,
boat,boat,455,0,10,194,1,
sport,sport,456,0,5,99,1,
court,court,457,0,8,134,1,
schmitz,schmitz,458,0,4,64,1,
elementary,elementari,459,0,15,227,1,
did,did,461,0,3,25,0,
too,too,462,0,16,285,0,
during,dure,463,0,4,39,0,
holiday,holidai,465,0,3,35,1,
come,come,466,0,25,547,0,
south,south,467,0,17,406,1,
check,check,468,0,7,83,0,
trim,trim,470,0,10,269,0,
as,a,471,0,55,1648,0,
fresh,fresh,472,0,23,582,0,
was,wa,473,0,18,523,0,
when,when,474,0,7,126,0,
giant,giant,476,0,4,60,0,
additional,addit,477,0,33,1112,0,
4th,4th,478,0,17,486,1,
stove,stove,479,0,18,381,1,
ever,ever,480,0,5,101,0,
so,so,481,0,19,408,0,
used,us,483,0,21,525,1,
single,singl,484,0,8,182,1,
close,close,485,0,78,1990,1,
farm,farm,488,0,4,76,1,
builder,builder,489,0,7,141,1,
dream,dream,490,0,19,445,1,
legal,legal,491,0,5,65,1,
tax,tax,492,0,3,47,1,
parcels,parcel,493,0,7,41,0,
each,each,494,0,14,235,0,
square,squar,496,0,12,298,1,
feet,feet,497,0,9,157,1,
ground,ground,498,0,11,343,1,
territorial,territori,499,0,18,493,1,
sunsets,sunset,500,0,22,494,1,
lincoln,lincoln,501,0,9,229,1,
southern,southern,502,0,5,125,1,
tear,tear,503,0,3,36,0,
rehab,rehab,504,0,4,37,1,
no,no,506,0,17,367,0,
don,don,508,0,13,362,0,
sale,sale,509,0,11,166,1,
welcome,welcom,510,0,41,1046,0,
urban,urban,511,0,18,387,1,
retreat,retreat,512,0,12,327,1,
adorable,ador,513,0,12,246,0,
totally,total,514,0,10,228,0,
ans,an,516,0,103,3091,0,
stylish,stylish,517,0,12,282,1,
quartz,quartz,518,0,25,401,1,
dark,dark,519,0,4,69,0,
newly,newli,520,0,21,571,0,
west,west,521,0,45,958,1,
facing,face,522,0,26,646,1,
endless,endless,523,0,9,139,0,
opportunities,opportun,524,0,33,765,0,
recreation,recreat,525,0,6,164,1,
clean,clean,526,0,10,285,1,
please,pleas,527,0,9,186,0,
call,call,528,0,11,232,0,
helpful,help,529,0,6,90,0,
agent,agent,530,0,13,152,0,
showing,show,531,0,7,164,1,
nestled,nestl,532,0,15,302,1,
at,at,533,0,34,918,0,
road,road,534,0,7,42,1,
like,like,535,0,30,791,0,
gives,give,536,0,6,158,0,
mid,mid,537,0,36,1116,0,
century,centuri,538,0,40,1263,1,
complete,complet,539,0,47,1251,0,
privacy,privaci,540,0,26,663,1,
slate,slate,541,0,10,260,1,
circular,circular,542,0,12,317,1,
sized,size,543,0,42,1271,1,
own,own,544,0,27,695,1,
nw,nw,545,0,13,260,1,1202
contemporary,contemporari,546,0,25,577,1,
blks,blk,547,0,6,103,1,349
hdwds,hdwd,548,0,11,246,1,101
flr,flr,550,0,26,860,1,126
liv,liv,551,0,14,202,1,46
din,din,552,0,9,195,1,98
rm,rm,553,0,87,2235,1,35
wet,wet,554,0,8,207,1,
bar,bar,555,0,25,718,1,
fpl,fpl,556,0,4,41,1,89
lg,lg,557,0,13,302,0,
bth,bth,558,0,20,519,1,83
closet,closet,559,0,68,1709,1,
utility,util,560,0,21,672,1,
magnificent,magnific,561,0,7,91,0,
take,take,562,0,12,357,0,
breath,breath,563,0,2,28,0,
away,awai,564,0,22,549,0,
elevator,elev,565,0,5,73,1,
dont,dont,566,0,3,71,0,
purchase,purchas,567,0,4,54,0,
secluded,seclud,569,0,8,185,1,
ferry,ferri,570,0,7,117,1,
pool,pool,572,0,8,254,1,
hot,hot,573,0,25,710,0,
exudes,exud,575,0,5,60,0,
arrive,arriv,577,0,3,30,0,
heat,heat,579,0,43,1279,1,
pump,pump,580,0,9,141,1,
if,if,582,0,7,201,0,
wanting,want,583,0,9,240,0,
experience,experi,584,0,9,76,0,
cedar,cedar,586,0,11,261,1,
over,over,587,0,31,688,0,
are,ar,589,0,53,1566,0,
have,have,590,0,24,720,0,
north,north,592,0,18,400,1,
degrees,degre,596,0,3,52,1,
puget,puget,597,0,21,395,1,
olympic,olymp,598,0,25,649,1,
ll,ll,599,0,18,438,0,
after,after,600,0,23,418,0,
long,long,601,0,8,219,0,
day,dai,602,0,13,387,1,
gatewood,gatewood,603,0,5,71,1,
best,best,604,0,16,464,0,
advantage,advantag,606,0,5,91,0,
tons,ton,607,0,31,740,0,
estate,estat,608,0,7,173,1,
investors,investor,609,0,5,77,1,
first,first,610,0,13,381,0,
time,time,611,0,16,482,0,
buyers,buyer,612,0,13,307,1,
get,get,613,0,10,186,0,
already,alreadi,614,0,5,51,0,
but,but,615,0,17,441,0,
would,would,617,0,5,127,0,
not,not,618,0,25,358,0,
fixer,fixer,619,0,8,125,1,
could,could,620,0,22,413,0,
sold,sold,621,0,7,175,1,
priced,price,622,0,10,279,1,
shared,share,624,0,6,129,1,
driveway,drivewai,625,0,14,269,1,
spot,spot,626,0,7,172,1,
currently,current,627,0,7,207,0,
arbor,arbor,630,0,11,194,1,
heights,height,631,0,20,606,1,
sq,sq,633,0,28,669,1,670
what,what,634,0,8,195,0,
ve,ve,635,0,6,155,0,
been,been,636,0,33,1098,0,
bbq,bbq,638,0,20,424,1,
excellent,excel,640,0,20,489,0,
secure,secur,641,0,6,160,1,
gleaming,gleam,642,0,26,607,1,
reclaimed,reclaim,643,0,3,34,1,
upstairs,upstair,644,0,41,1359,0,
stand,stand,645,0,4,99,0,
alone,alon,646,0,3,38,0,
nook,nook,647,0,24,734,1,
cheerful,cheer,648,0,3,62,0,
massive,massiv,649,0,6,105,1,
versatile,versatil,650,0,5,92,0,
flat,flat,651,0,9,191,0,
green,green,652,0,32,892,1,
summer,summer,653,0,28,464,1,
darling,darl,654,0,7,143,0,
furnace,furnac,655,0,35,1144,1,
water,water,656,0,31,977,1,
heater,heater,657,0,15,453,1,
solar,solar,658,0,6,55,1,
tv,tv,660,0,4,81,1,
craft,craft,661,0,8,174,1,
there,there,663,0,21,682,0,
good,good,664,0,23,624,0,
vanity,vaniti,665,0,8,131,1,
adjacent,adjac,666,0,14,293,1,
galley,gallei,667,0,4,35,1,
breakfast,breakfast,668,0,17,475,1,
table,tabl,669,0,6,101,1,
steel,steel,670,0,23,683,1,344
service,servic,672,0,8,157,0,
screened,screen,673,0,4,56,1,
plantings,plant,674,0,16,340,1,
converted,convert,675,0,7,138,1,
third,third,676,0,7,166,0,
easily,easili,677,0,9,149,0,
spa,spa,678,0,17,267,1,
era,era,680,0,6,136,1,
reflect,reflect,681,0,3,46,0,
standards,standard,682,0,2,47,0,
craftsmanship,craftsmanship,683,0,8,116,1,
allow,allow,684,0,9,231,0,
year,year,685,0,35,804,1,
everything,everyth,686,0,17,464,0,
done,done,687,0,7,139,0,
here,here,688,0,13,360,0,
sweet,sweet,689,0,20,443,0,
exposed,expos,690,0,4,117,1,
colors,color,691,0,13,365,1,
cooking,cook,692,0,18,495,1,
alley,allei,693,0,35,1134,1,
shrubs,shrub,694,0,2,29,1,
flowers,flower,695,0,6,128,1,
friendly,friendli,696,0,8,171,1,
brand,brand,697,0,17,409,0,
beyond,beyond,698,0,5,101,0,
fauntleroy,fauntleroi,699,0,5,92,1,
loads,load,701,0,11,335,0,
cable,cabl,703,0,2,31,0,
occupy,occupi,705,0,5,25,0,
condition,condit,706,0,11,416,0,
2baths,2bath,708,0,3,25,1,358
jetted,jet,709,0,8,233,0,
fp,fp,710,0,9,290,1,89
comfortable,comfort,711,0,23,442,1,
terrific,terrif,712,0,7,149,0,
den,den,713,0,34,885,1,
attached,attach,714,0,44,1077,1,
compliment,compliment,715,0,3,60,0,
contact,contact,716,0,6,55,0,
fantastic,fantast,721,0,22,567,0,
3bds,3bd,722,0,4,38,1,82
concept,concept,724,0,17,320,1,81
countertops,countertop,725,0,16,457,1,
espresso,espresso,726,0,4,57,1,
cabinets,cabinet,727,0,40,1367,1,
soft,soft,728,0,3,66,0,
trex,trex,730,0,4,85,1,
got,got,731,0,3,25,0,
hobby,hobbi,732,0,6,129,1,
shed,shed,734,0,18,439,1,
centers,center,735,0,14,372,1,
ba,ba,736,0,11,244,1,358
season,season,737,0,4,66,1,
dramatic,dramat,738,0,7,159,0,
airy,airi,740,0,7,149,1,
cabinetry,cabinetri,741,0,11,375,1,
overlooking,overlook,743,0,29,764,1,
3br,3br,744,0,6,68,0,82
1ba,1ba,745,0,5,49,0,358
sqft,sqft,747,0,10,187,1,
gar,gar,749,0,10,227,1,222
gated,gate,750,0,8,172,1,
drive,drive,751,0,10,180,1,
marvel,marvel,754,0,3,44,0,
miles,mile,755,0,7,113,1,
within,within,756,0,13,310,0,
bustling,bustl,757,0,4,52,1,
alki,alki,758,0,9,248,1,
beach,beach,759,0,44,933,1,
striking,strike,760,0,4,63,0,
abound,abound,761,0,9,175,0,
midcentury,midcenturi,762,0,3,28,1,
warm,warm,763,0,12,429,0,
bamboo,bamboo,764,0,10,244,1,
stained,stain,766,0,6,128,1,
spanning,span,769,0,8,46,0,
length,length,770,0,3,37,0,
sweeping,sweep,771,0,15,290,1,
elliott,elliott,773,0,4,62,1,
bay,bai,774,0,13,368,1,
only,onli,780,0,14,294,0,
cute,cute,781,0,11,297,1,
personality,person,783,0,8,202,0,
even,even,784,0,12,348,0,
future,futur,785,0,14,258,1,
add,add,786,0,20,415,0,
package,packag,787,0,6,114,0,
distance,distanc,790,0,18,450,1,
br,br,791,0,36,843,1,82
wonderfully,wonderfulli,792,0,6,90,0,
lr,lr,793,0,8,213,0,
coved,cove,794,0,19,621,0,
sewer,sewer,795,0,12,266,1,
c,c,796,0,16,221,0,
convenience,conveni,797,0,30,1006,1,
townhouse,townhous,798,0,3,32,1,
without,without,799,0,3,33,0,
walls,wall,800,0,25,779,0,
powder,powder,801,0,5,104,0,
both,both,802,0,17,512,0,
next,next,803,0,9,180,0,
perfectly,perfectli,804,0,8,217,0,
situated,situat,805,0,18,487,0,
other,other,806,0,10,292,0,
balcony,balconi,807,0,9,216,1,
vac,vac,808,0,2,27,1,1098
lawn,lawn,809,0,11,178,1,
into,into,810,0,30,717,0,
lovingly,lovingli,811,0,17,309,1,
staying,stai,812,0,11,149,0,
admiral,admir,813,0,10,239,1,
way,wai,814,0,9,193,1,
while,while,815,0,13,353,0,
soak,soak,816,0,9,235,1,
many,mani,817,0,29,776,0,
thumb,thumb,818,0,2,25,1,
rose,rose,819,0,4,47,1,
bushes,bush,820,0,3,27,1,
partial,partial,821,0,18,475,0,
expansive,expans,824,0,32,734,1,
tranquil,tranquil,825,0,13,232,1,
sanctuary,sanctuari,826,0,9,103,1,
host,host,829,0,8,97,1,
party,parti,830,0,13,224,1,
between,between,831,0,9,172,0,
stores,store,832,0,8,147,1,
downstairs,downstair,833,0,25,716,0,
options,option,834,0,12,177,0,
dual,dual,835,0,8,186,0,
controls,control,837,0,5,53,0,
smart,smart,839,0,5,107,1,
ultra,ultra,840,0,3,29,0,
entrance,entranc,841,0,22,426,0,
expands,expand,842,0,9,209,0,
sought,sought,843,0,19,360,0,
touches,touch,844,0,13,384,0,
wiring,wire,845,0,20,482,1,
insulation,insul,846,0,13,273,1,
hydronic,hydron,847,0,2,31,1,
boiler,boiler,848,0,3,30,1,
rv,rv,849,0,8,230,1,
dead,dead,850,0,11,284,0,
combination,combin,853,0,10,219,0,
those,those,854,0,6,118,0,
who,who,855,0,3,71,0,
coupled,coupl,856,0,4,68,0,
sensibilities,sensibl,857,0,3,34,0,
arched,arch,858,0,9,198,1,
doorways,doorwai,859,0,5,100,1,188
high,high,860,0,60,1818,0,
elegantly,elegantli,861,0,3,41,1,
cherry,cherri,862,0,13,394,1,
almost,almost,864,0,5,121,0,
everywhere,everywher,865,0,6,64,0,
wireless,wireless,867,0,3,27,1,
architecturally,architectur,868,0,14,308,1,
stunning,stun,870,0,31,814,0,
cool,cool,871,0,14,245,1,
enclosed,enclos,872,0,7,139,0,
porch,porch,873,0,38,1020,1,
rare,rare,874,0,26,596,1,
en,en,875,0,12,184,0,
custom,custom,876,0,44,1404,1,
find,find,877,0,26,588,0,
another,anoth,878,0,9,235,0,
nursery,nurseri,879,0,8,86,1,
dressing,dress,880,0,3,52,0,
multiple,multipl,881,0,8,128,0,
lvg,lvg,884,0,4,26,1,46
inviting,invit,885,0,18,595,0,
splash,splash,886,0,7,102,0,
throw,throw,887,0,4,64,0,
fab,fab,888,0,5,55,0,
rear,rear,889,0,11,380,0,
appeal,appeal,890,0,9,235,1,
outside,outsid,893,0,14,356,1,
winter,winter,895,0,4,89,1,
chance,chanc,897,0,3,48,0,
delightful,delight,898,0,15,422,0,
reading,read,899,0,4,86,1,
beat,beat,903,0,4,39,0,
either,either,906,0,4,31,0,
deep,deep,908,0,4,108,0,
now,now,910,0,5,143,0,
prepare,prepar,912,0,4,46,0,
meals,meal,914,0,3,42,1,
looking,look,915,0,16,535,0,
found,found,916,0,4,68,0,
footage,footag,917,0,4,63,1,
ample,ampl,918,0,18,487,0,
waiting,wait,922,0,11,307,0,
paved,pave,923,0,5,116,1,
several,sever,926,0,7,90,0,
town,town,927,0,5,92,1,
larger,larger,928,0,4,100,0,
than,than,929,0,11,244,0,
usable,usabl,931,0,3,32,1,
farmhouse,farmhous,933,0,7,154,1,
vintage,vintag,934,0,14,436,1,
tall,tall,935,0,9,201,1,
instant,instant,936,0,4,42,0,
equity,equiti,937,0,5,91,1,
cafes,cafe,938,0,18,318,1,
paradise,paradis,939,0,7,108,0,
little,littl,940,0,7,171,1,
feeling,feel,941,0,16,424,0,
cork,cork,942,0,5,70,1,
chic,chic,943,0,4,76,1,
accents,accent,944,0,7,187,1,
outlook,outlook,945,0,4,85,1,
wow,wow,946,0,7,121,0,
tastefully,tastefulli,947,0,10,221,0,
circa,circa,948,0,2,34,0,
round,round,950,0,9,195,0,
amenities,amen,951,0,22,541,1,
shaker,shaker,952,0,4,58,1,
multi,multi,953,0,6,143,1,
1940s,1940,955,0,5,117,1,
greenery,greeneri,956,0,3,51,1,
recessed,recess,957,0,6,84,1,
roughed,rough,958,0,6,86,0,
embrace,embrac,959,0,4,67,0,
small,small,960,0,9,195,0,
creek,creek,961,0,9,92,1,
cape,cape,962,0,17,441,1,
cod,cod,963,0,17,431,0,
curb,curb,964,0,5,89,0,
cared,care,965,0,12,337,1,
free,free,968,0,7,84,1,
since,sinc,969,0,5,101,0,
organic,organ,971,0,4,110,1,
veggie,veggi,972,0,3,48,1,958
refurbished,refurbish,973,0,2,28,1,
worlds,world,974,0,15,394,1,
awaits,await,975,0,17,326,0,
nights,night,976,0,7,108,1,
drop,drop,977,0,3,41,1,
stunningly,stunningli,978,0,3,29,0,
barn,barn,979,0,3,33,1,
kitchenette,kitchenett,980,0,6,87,1,
seperate,seper,981,0,3,26,0,
morgan,morgan,982,0,4,82,1,
vibrant,vibrant,983,0,9,151,1,
roosevelt,roosevelt,984,0,3,47,1,
bedrms,bedrm,985,0,8,246,1,82
efficiency,effici,987,0,17,518,1,
uw,uw,988,0,17,397,1,
station,station,989,0,11,185,0,
score,score,991,0,14,340,0,
spectacular,spectacular,993,0,14,277,0,
desirable,desir,994,0,19,687,1,
wallingford,wallingford,995,0,12,230,1,
community,commun,996,0,19,415,1,
old,old,997,0,20,546,0,
restored,restor,998,0,13,355,1,
white,white,1000,0,14,264,1,
hw,hw,1001,0,3,43,1,101
antique,antiqu,1002,0,2,28,1,
cabs,cab,1003,0,6,81,0,
apps,app,1004,0,2,43,0,
bs,b,1005,0,5,75,0,
enormous,enorm,1006,0,6,101,0,
loft,loft,1007,0,9,252,1,
o,o,1008,0,4,31,0,
h,h,1009,0,6,52,0,
e,e,1010,0,3,48,0,
tankless,tankless,1011,0,6,103,1,
pkg,pkg,1012,0,5,93,1,
colonial,coloni,1013,0,7,161,1,
exceptionally,exception,1014,0,2,50,0,
elegant,eleg,1015,0,19,485,0,
wooden,wooden,1016,0,3,30,0,
solid,solid,1018,0,14,395,0,
carrera,carrera,1019,0,2,29,0,
marble,marbl,1020,0,13,369,1,
every,everi,1021,0,14,378,0,
captivating,captiv,1024,0,3,88,0,
enjoyment,enjoy,1025,0,4,62,0,
phinney,phinnei,1027,0,19,356,1,
ridge,ridg,1028,0,19,412,0,
flooded,flood,1029,0,6,173,1,
owc,owc,1030,0,3,24,0,
quaint,quaint,1031,0,6,112,1,
country,countri,1032,0,6,157,1,
bd,bd,1033,0,9,149,1,82
woodland,woodland,1034,0,5,76,1,
coffee,coffe,1035,0,20,415,1,
eateries,eateri,1036,0,9,178,1,
these,these,1037,0,4,51,0,
few,few,1038,0,11,283,0,
remaining,remain,1039,0,4,51,0,
roll,roll,1040,0,3,33,0,
bring,bring,1042,0,12,329,0,
imagination,imagin,1043,0,10,191,1,
madrona,madrona,1044,0,11,148,1,
avenue,avenu,1046,0,6,58,0,
magazine,magazin,1047,0,3,38,0,
four,four,1048,0,10,259,0,
showcasing,showcas,1049,0,7,123,0,
millwork,millwork,1050,0,16,271,1,
above,abov,1051,0,22,565,0,
enhances,enhanc,1052,0,5,122,0,
livability,livabl,1054,0,5,90,1,
walkability,walkabl,1055,0,9,194,1,
sensational,sensat,1056,0,3,33,0,
boo,boo,1057,0,4,90,0,
cascade,cascad,1058,0,16,451,1,
commercial,commerci,1059,0,3,52,1,
district,district,1060,0,8,158,1,
choices,choic,1061,0,4,73,0,
hi,hi,1065,0,4,83,0,
red,red,1069,0,4,55,0,
sense,sens,1073,0,5,73,0,
peace,peac,1074,0,15,302,1,
diamond,diamond,1075,0,6,45,0,
subway,subwai,1078,0,6,88,0,
ease,eas,1080,0,3,52,1,
unique,uniqu,1082,0,14,365,0,
galore,galor,1083,0,9,174,0,
still,still,1084,0,6,121,0,
highlights,highlight,1085,0,5,119,1,
batchelder,batcheld,1086,0,3,65,1,
blt,blt,1089,0,2,26,0,
aesthetics,aesthet,1091,0,3,38,1,
big,big,1092,0,34,909,0,
verdant,verdant,1095,0,4,52,1,
fun,fun,1097,0,11,263,1,
mahogany,mahogani,1098,0,9,214,1,
woodwork,woodwork,1099,0,10,168,1,
generous,gener,1100,0,20,704,0,
amp,amp,1102,0,33,488,0,
panel,panel,1103,0,11,359,0,
permitted,permit,1104,0,7,53,1,
dwelling,dwell,1105,0,4,61,0,
radiant,radiant,1107,0,10,254,0,
super,super,1108,0,13,310,0,
variety,varieti,1111,0,3,31,1,
vegetables,veget,1112,0,4,85,1,
attic,attic,1113,0,9,223,1,
transit,transit,1114,0,17,308,1,
public,public,1115,0,10,129,1,
paths,path,1116,0,4,77,1,
carkeek,carkeek,1117,0,5,117,1,
fire,fire,1119,0,12,204,1,89
workshop,workshop,1122,0,11,309,1,
outbuildings,outbuild,1123,0,10,95,1,
appls,appl,1124,0,13,256,1,91
mantled,mantl,1125,0,6,124,1,
frpl,frpl,1126,0,7,176,1,89
california,california,1127,0,4,67,1,
sliding,slide,1128,0,8,154,0,
awesome,awesom,1130,0,8,182,0,
blue,blue,1131,0,7,96,0,
golden,golden,1134,0,6,92,0,
dwntwn,dwntwn,1135,0,3,31,1,355
greenlake,greenlak,1136,0,10,243,1,
lrg,lrg,1138,0,13,216,0,
pantry,pantri,1139,0,16,388,1,
ballard,ballard,1140,0,33,819,1,
hidden,hidden,1141,0,4,68,0,
surprises,surpris,1142,0,4,80,0,
knocks,knock,1143,0,4,68,0,
barbecue,barbecu,1145,0,5,73,1,579
raised,rais,1146,0,13,213,0,
grape,grape,1148,0,3,40,1,
pad,pad,1149,0,7,96,0,
hop,hop,1150,0,6,50,0,
tasteful,tast,1152,0,7,151,0,
bosch,bosch,1153,0,3,70,1,
ge,ge,1154,0,5,37,1,
refrigerator,refriger,1157,0,4,108,1,
european,european,1158,0,4,49,1,
professionally,profession,1163,0,12,313,1,
rocking,rock,1166,0,8,228,1,
chair,chair,1167,0,8,191,1,
inspired,inspir,1168,0,7,166,0,
bookcases,bookcas,1169,0,6,88,1,
playroom,playroom,1170,0,4,51,1,
barbeque,barbequ,1171,0,3,31,1,579
chef,chef,1172,0,23,603,1,
air,air,1174,0,13,308,1,
addl,addl,1175,0,3,35,0,
morning,morn,1176,0,12,156,1,
det,det,1178,0,4,44,0,
tudor,tudor,1179,0,4,47,1,
rich,rich,1181,0,19,550,0,
stucco,stucco,1182,0,6,229,1,
final,final,1183,0,4,37,0,
do,do,1184,0,2,31,0,
scope,scope,1186,0,11,214,0,
inspection,inspect,1187,0,4,30,1,
available,avail,1188,0,6,56,0,
vibe,vibe,1189,0,8,195,1,
TRUE,TRUE,1192,0,4,43,0,
library,librari,1193,0,10,229,1,
theater,theater,1194,0,11,258,1,
moulding,mould,1197,0,7,118,1,
tank,tank,1198,0,3,48,1,
trellis,trelli,1199,0,6,140,1,
around,around,1201,0,2,29,0,
metropolitan,metropolitan,1202,0,11,317,1,
market,market,1203,0,3,44,1,
where,where,1205,0,20,565,0,
coop,coop,1207,0,11,181,0,
seats,seat,1211,0,3,35,0,
ironwood,ironwood,1212,0,11,229,1,
grow,grow,1213,0,2,29,0,
refreshed,refresh,1215,0,3,70,0,
peak,peak,1218,0,6,76,0,
thru,thru,1219,0,4,49,0,
jacuzzi,jacuzzi,1220,0,7,182,1,
mother,mother,1221,0,4,50,0,
bottom,bottom,1222,0,9,133,0,
laminate,lamin,1224,0,5,83,1,
skylights,skylight,1225,0,6,97,1,
staircase,staircas,1226,0,20,510,1,
does,doe,1228,0,10,235,0,
greenhouse,greenhous,1230,0,3,43,1,
corian,corian,1231,0,3,52,1,
roomy,roomi,1232,0,3,50,0,
travertine,travertin,1234,0,5,46,1,
form,form,1236,0,4,71,0,
function,function,1237,0,3,52,0,
laid,laid,1238,0,15,297,0,
foot,foot,1243,0,2,34,0,
recroom,recroom,1244,0,13,324,1,
greenbelt,greenbelt,1245,0,3,30,0,
backsplash,backsplash,1246,0,6,106,1,
pull,pull,1247,0,7,177,0,
drawers,drawer,1248,0,3,44,0,
everyone,everyon,1249,0,2,48,0,
bench,bench,1250,0,5,85,0,
swim,swim,1251,0,5,87,1,
tennis,tenni,1252,0,6,76,1,
elem,elem,1253,0,7,87,1,424
zoning,zone,1257,0,4,66,1,
fremont,fremont,1258,0,10,154,1,
selling,sell,1260,0,11,190,1,
property,properti,1261,0,5,93,1,
tulip,tulip,1267,0,2,40,1,
sparkling,sparkl,1268,0,2,34,0,
storybook,storybook,1269,0,5,110,0,
cottage,cottag,1271,0,5,71,1,
insert,insert,1274,0,11,259,0,
retains,retain,1276,0,6,128,0,
whittier,whittier,1277,0,6,118,1,
coveted,covet,1279,0,4,65,0,
together,togeth,1280,0,24,445,0,
walkscore,walkscor,1281,0,6,60,1,
mention,mention,1283,0,5,109,0,
superb,superb,1287,0,7,86,0,
life,life,1288,0,6,135,0,
sophistication,sophist,1290,0,3,65,0,
grace,grace,1291,0,7,185,0,
through,through,1292,0,5,120,0,
signature,signatur,1295,0,18,421,0,
her,her,1296,0,3,37,0,
gaming,game,1297,0,3,40,1,
sidewalks,sidewalk,1299,0,5,94,1,
meadowbrook,meadowbrook,1300,0,4,53,1,
4br,4br,1302,0,5,92,1,82
sink,sink,1304,0,4,30,1,
oasis,oasi,1307,0,16,444,0,
enchanting,enchant,1308,0,15,341,0,
business,busi,1309,0,6,128,1,
think,think,1310,0,5,94,0,
real,real,1312,0,4,37,0,
spend,spend,1313,0,6,135,0,
sauna,sauna,1315,0,4,29,1,
vacuum,vacuum,1316,0,5,89,1,
greets,greet,1317,0,3,30,0,
appointed,appoint,1318,0,7,131,0,
2ba,2ba,1319,0,11,156,1,358
route,rout,1321,0,3,42,1,
kitch,kitch,1322,0,5,70,1,51
westerly,westerli,1323,0,5,132,1,
energy,energi,1324,0,4,84,1,
impeccably,impecc,1325,0,9,249,0,
mounted,mount,1326,0,9,199,0,
culinary,culinari,1328,0,9,108,1,
5th,5th,1330,0,3,26,1,
captured,captur,1331,0,4,82,0,
established,establish,1332,0,9,174,0,
pass,pass,1333,0,5,78,0,
breeze,breez,1334,0,3,50,0,
adu,adu,1335,0,5,62,0,
timeless,timeless,1337,0,15,170,0,
solarium,solarium,1343,0,7,177,1,
toward,toward,1344,0,3,30,0,
terrace,terrac,1345,0,5,53,1,
most,most,1346,0,10,271,0,
manteled,mantel,1348,0,17,468,1,
framing,frame,1349,0,4,54,1,
retro,retro,1350,0,11,196,1,
had,had,1353,0,5,107,0,
knotty,knotti,1355,0,3,41,0,
pine,pine,1356,0,2,39,1,
food,food,1357,0,5,74,1,
pipes,pipe,1359,0,6,76,1,
pk,pk,1361,0,3,28,0,
cosmetic,cosmet,1363,0,5,55,1,
say,sai,1366,0,5,76,0,
traditional,tradit,1371,0,2,34,1,
cupboards,cupboard,1372,0,10,328,1,
onto,onto,1373,0,3,47,0,
choose,choos,1375,0,12,249,0,
yet,yet,1378,0,2,28,0,
residential,residenti,1379,0,15,372,1,
re,re,1380,0,6,88,0,
walnut,walnut,1382,0,10,215,1,
masterpiece,masterpiec,1383,0,6,51,0,
waterfront,waterfront,1384,0,3,47,1,
shipping,ship,1387,0,9,140,1,
lanes,lane,1388,0,5,67,0,
de,de,1391,0,4,90,0,
head,head,1399,0,8,127,0,
metal,metal,1401,0,5,108,0,
point,point,1406,0,6,77,0,
majestic,majest,1408,0,11,145,0,
needle,needl,1409,0,4,48,1,
incredible,incred,1410,0,4,74,0,
development,develop,1416,0,10,304,1,
put,put,1418,0,7,104,0,
they,thei,1419,0,4,66,0,
any,ani,1420,0,5,63,0,
proudly,proudli,1421,0,5,145,1,2
boulevard,boulevard,1425,0,3,46,1,
upon,upon,1426,0,3,43,0,
foyer,foyer,1428,0,5,71,1,
anchored,anchor,1429,0,6,85,1,
grand,grand,1430,0,4,34,1,
left,left,1431,0,14,346,0,
youll,youll,1432,0,4,62,0,
stately,state,1436,0,6,104,1,
ago,ago,1437,0,8,180,0,
parlor,parlor,1438,0,3,41,1,
which,which,1439,0,3,25,0,
pleasant,pleasant,1440,0,16,333,0,
below,below,1441,0,4,62,0,
equally,equal,1444,0,5,108,0,
dinner,dinner,1445,0,3,32,1,
kept,kept,1448,0,8,94,0,
favorite,favorit,1450,0,4,77,0,
under,under,1452,0,6,77,0,
hood,hood,1453,0,14,339,1,
never,never,1456,0,4,68,0,
die,die,1458,0,4,43,0,
middle,middl,1459,0,3,29,1,
itself,itself,1461,0,4,36,0,
murphy,murphi,1462,0,3,37,1,
p,p,1469,0,3,33,0,
patch,patch,1470,0,3,53,1,
shape,shape,1471,0,3,47,0,
residence,resid,1472,0,5,47,1,
decorative,decor,1473,0,7,179,1,
archways,archwai,1474,0,3,45,1,
attractive,attract,1475,0,5,63,0,
connection,connect,1482,0,7,109,0,
power,power,1483,0,9,152,1,
industrial,industri,1484,0,6,78,1,
fan,fan,1485,0,3,26,1,
keep,keep,1486,0,5,58,0,
whole,whole,1487,0,5,113,0,
shingle,shingl,1489,0,5,80,1,
upscale,upscal,1490,0,4,49,1,
ktchn,ktchn,1493,0,3,44,1,51
their,their,1495,0,4,36,0,
ensuite,ensuit,1496,0,4,82,1,
bathrm,bathrm,1497,0,5,69,1,358
bikes,bike,1498,0,3,35,1,
sight,sight,1499,0,11,212,0,
northwest,northwest,1502,0,6,48,1,
cul,cul,1503,0,5,103,0,
sac,sac,1504,0,8,121,1,
wrapped,wrap,1505,0,8,121,0,
l,l,1507,0,11,247,0,
broadview,broadview,1509,0,6,152,0,
sleeping,sleep,1510,0,8,153,1,
yr,yr,1512,0,4,44,1,621
warranty,warranti,1514,0,5,130,1,
prepped,prep,1517,0,6,105,0,
remarkable,remark,1518,0,3,44,0,
traffic,traffic,1521,0,4,82,1,
affords,afford,1522,0,5,63,1,
absolutely,absolut,1524,0,5,109,0,
entire,entir,1525,0,7,171,0,
meticulously,meticul,1530,0,7,100,1,
zero,zero,1533,0,13,311,0,
dog,dog,1535,0,6,84,1,
run,run,1536,0,8,132,1,
g,g,1538,0,6,120,0,
metro,metro,1539,0,4,36,1,
investment,invest,1540,0,3,49,1,
ride,ride,1542,0,4,37,1,
ranch,ranch,1544,0,2,32,1,
union,union,1546,0,2,25,1,
skyline,skylin,1547,0,8,118,1,
may,mai,1550,0,15,147,0,
duplex,duplex,1551,0,4,69,1,
conversion,convers,1552,0,3,29,0,
extensive,extens,1553,0,4,31,0,
approved,approv,1554,0,11,302,0,
highest,highest,1559,0,9,41,0,
split,split,1561,0,3,41,0,
mix,mix,1562,0,14,137,1,
informal,inform,1563,0,5,72,1,
butlers,butler,1568,0,8,173,1,
blooming,bloom,1571,0,5,59,0,
dayrooms,dayroom,1572,0,3,39,1,
redone,redon,1573,0,3,27,1,
rainy,raini,1574,0,7,114,1,
retail,retail,1575,0,2,26,0,
sunday,sundai,1576,0,5,62,0,
farmer,farmer,1577,0,4,56,1,
local,local,1580,0,5,97,1,
sunroom,sunroom,1581,0,13,197,1,
trader,trader,1582,0,6,93,0,
joes,joe,1583,0,3,33,0,
fine,fine,1586,0,4,48,0,
transportation,transport,1587,0,4,82,1,
swedish,swedish,1588,0,8,126,1,
speakers,speaker,1590,0,2,32,1,
sprinkler,sprinkler,1592,0,4,65,1,
defined,defin,1595,0,4,62,0,
ac,ac,1596,0,3,45,1,
thoughtful,thought,1599,0,6,111,0,
lit,lit,1602,0,9,180,1,
shelving,shelv,1603,0,3,58,1,
let,let,1604,0,7,121,0,
bryant,bryant,1605,0,6,125,1,
meets,meet,1606,0,11,231,0,
highly,highli,1607,0,8,129,0,
flagstone,flagston,1608,0,12,212,1,
drenched,drench,1609,0,2,48,1,
honey,honei,1610,0,6,160,1,
pcc,pcc,1613,0,2,32,1,
bg,bg,1614,0,7,128,0,
magnuson,magnuson,1615,0,3,46,1,
part,part,1616,0,4,45,0,
anderson,anderson,1617,0,5,86,1,
ne,ne,1618,0,3,34,0,
indoors,indoor,1619,0,3,50,0,
fam,fam,1620,0,12,193,1,53
ball,ball,1622,0,9,185,0,
sustainably,sustain,1623,0,3,30,1,
paperstone,paperston,1625,0,4,27,1,
concrete,concret,1626,0,2,28,1,
clear,clear,1627,0,7,175,0,
bsmt,bsmt,1629,0,4,44,1,178
ravine,ravin,1630,0,16,254,1,
atrium,atrium,1632,0,3,29,1,
atop,atop,1635,0,3,38,0,
wide,wide,1636,0,3,51,0,
elliot,elliot,1638,0,10,215,1,689
across,across,1640,0,2,33,0,
whimsical,whimsic,1642,0,13,234,0,
simply,simpli,1643,0,4,31,0,
unbelievable,unbeliev,1644,0,4,72,0,
present,present,1647,0,3,34,0,
commanding,command,1649,0,5,114,0,
gym,gym,1651,0,3,47,1,
watch,watch,1652,0,3,46,0,
viking,vike,1656,0,9,137,0,
nearby,nearbi,1660,0,8,191,1,
bakery,bakeri,1664,0,12,229,1,
then,then,1665,0,8,72,0,
bones,bone,1666,0,4,74,0,
start,start,1669,0,6,98,0,
italian,italian,1671,0,8,94,1,
floating,float,1672,0,3,52,0,
hearth,hearth,1673,0,3,35,1,
info,info,1674,0,3,39,0,
http,http,1675,0,3,55,0,
com,com,1678,0,4,43,0,
magical,magic,1680,0,7,118,0,
won,won,1683,0,6,83,0,
exquisite,exquisit,1685,0,6,84,0,
iconic,icon,1687,0,13,200,0,
mudroom,mudroom,1688,0,3,30,1,
wash,wash,1690,0,4,58,0,
east,east,1691,0,5,58,1,
acre,acr,1693,0,8,131,1,
walkway,walkwai,1698,0,6,116,1,
soaring,soar,1700,0,3,47,0,
semi,semi,1703,0,11,188,0,
hallways,hallwai,1709,0,5,40,1,
historic,histor,1711,0,3,52,1,
kubota,kubota,1715,0,10,156,1,
forced,forc,1718,0,4,29,0,
h20,h20,1719,0,4,76,1,1334
tool,tool,1721,0,6,112,1,
equipped,equip,1722,0,6,72,0,
via,via,1724,0,4,73,0,
grade,grade,1729,0,5,92,0,
oil,oil,1733,0,4,73,1,
existing,exist,1737,0,2,39,0,
h2o,h2o,1739,0,4,52,1,
engineered,engin,1742,0,4,100,1,
stop,stop,1743,0,3,26,0,
definitely,definit,1745,0,5,84,0,
inlayed,inlai,1747,0,2,32,0,
fourth,fourth,1749,0,2,49,1,
construction,construct,1751,0,3,46,1,
materials,materi,1753,0,11,295,0,
brazilian,brazilian,1754,0,6,105,1,
award,award,1756,0,5,91,1,
winning,win,1757,0,7,89,1,
loyal,loyal,1758,0,7,102,0,
afternoons,afternoon,1760,0,7,118,1,
starter,starter,1762,0,4,66,1,
vehicles,vehicl,1763,0,6,129,1,
wainscotting,wainscot,1766,0,4,37,1,
pedestal,pedest,1767,0,6,148,1,
scenic,scenic,1769,0,4,66,1,
shilshole,shilshol,1770,0,3,25,1,
artists,artist,1771,0,2,32,1,
palette,palett,1773,0,6,159,1,
pacific,pacif,1774,0,3,41,1,
buses,buse,1777,0,3,27,1,171
hands,hand,1780,0,7,98,0,
superior,superior,1782,0,5,69,0,
integrity,integr,1783,0,3,30,0,
pocket,pocket,1785,0,4,57,0,
marmoleum,marmoleum,1788,0,4,70,1,
discovered,discov,1789,0,3,54,0,
handsome,handsom,1791,0,3,52,0,
stream,stream,1793,0,10,133,1,
ponds,pond,1794,0,4,55,1,
ceramic,ceram,1797,0,5,87,1,
cup,cup,1800,0,3,63,1,
columbia,columbia,1801,0,3,26,1,
youve,youv,1802,0,14,309,0,
yesteryear,yesteryear,1803,0,2,32,1,
continue,continu,1804,0,2,29,0,
gatherings,gather,1805,0,3,60,0,
intimate,intim,1806,0,7,153,1,
oven,oven,1807,0,4,60,1,
microwave,microwav,1808,0,7,165,1,
casual,casual,1809,0,3,37,1,
polished,polish,1811,0,8,128,1,
flanked,flank,1813,0,5,91,1,
zen,zen,1814,0,3,66,1,
fountain,fountain,1815,0,3,52,1,
proximity,proxim,1816,0,3,50,1,
something,someth,1817,0,4,84,0,
drink,drink,1823,0,3,39,1,
catch,catch,1825,0,3,26,0,
airport,airport,1828,0,4,52,1,
about,about,1830,0,6,85,0,
sip,sip,1837,0,4,67,0,
mind,mind,1840,0,3,32,0,
appreciate,appreci,1842,0,3,64,0,
structure,structur,1845,0,8,109,0,
1st,1st,1847,0,4,70,1,
sizable,sizabl,1848,0,4,81,0,
yoga,yoga,1849,0,2,39,1,
such,such,1852,0,5,47,0,
know,know,1856,0,5,97,0,
certified,certifi,1858,0,2,31,0,
sunrise,sunris,1863,0,2,31,1,
whatever,whatev,1864,0,9,91,0,
quintessential,quintessenti,1867,0,3,29,1,
rapid,rapid,1868,0,6,111,0,
greenwood,greenwood,1869,0,4,49,1,
term,term,1870,0,10,257,0,
hold,hold,1871,0,3,34,0,
swing,swing,1874,0,3,49,1,
bertazzoni,bertazzoni,1875,0,3,36,1,
explore,explor,1878,0,2,25,1,
apos,apo,1888,0,4,26,1,
irrigation,irrig,1889,0,10,67,1,
discovery,discoveri,1890,0,3,39,1,
pizza,pizza,1892,0,7,136,1,
stroll,stroll,1894,0,3,27,1,
magnolia,magnolia,1895,0,11,212,1,
grab,grab,1896,0,28,425,0,
starbucks,starbuck,1898,0,2,26,0,
gracious,graciou,1900,0,3,48,0,
nanny,nanni,1901,0,13,400,1,
hardwds,hardwd,1902,0,3,44,1,101
courtyard,courtyard,1905,0,4,60,1,
grassy,grassi,1906,0,7,153,1,
goes,goe,1907,0,3,38,0,
yourself,yourself,1908,0,3,40,0,
sandstone,sandston,1910,0,5,75,1,
exercise,exercis,1911,0,5,40,1,
hip,hip,1912,0,4,68,1,
authentic,authent,1913,0,7,114,1,
slope,slope,1915,0,3,34,1,
protected,protect,1916,0,6,78,1,
manicured,manicur,1920,0,4,68,1,
finest,finest,1921,0,5,103,0,
six,six,1923,0,4,84,0,
burner,burner,1924,0,3,26,1,
playground,playground,1927,0,5,75,1,
made,made,1929,0,5,81,0,
sleek,sleek,1930,0,7,82,0,
accommodating,accommod,1933,0,9,110,1,
dacor,dacor,1937,0,4,63,0,
black,black,1938,0,3,34,1,
honed,hone,1939,0,2,44,1,
steam,steam,1940,0,4,50,1,
pristine,pristin,1942,0,3,43,0,
sunshine,sunshin,1943,0,6,97,1,90
baker,baker,1944,0,3,49,1,
seamlessly,seamlessli,1955,0,10,211,0,
cooler,cooler,1956,0,5,98,1,
dues,due,1958,0,3,25,0,
ultimate,ultim,1959,0,3,31,0,
condo,condo,1960,0,4,45,1,
alternative,altern,1961,0,6,98,0,
breathtaking,breathtak,1962,0,5,96,0,
directly,directli,1964,0,8,99,0,
dutch,dutch,1966,0,4,53,0,
queen,queen,1968,0,5,99,1,
anne,ann,1969,0,15,336,1,
bank,bank,1972,0,15,339,1,
changing,chang,1973,0,9,76,0,
vashon,vashon,1975,0,4,46,1,
sea,sea,1984,0,4,35,1,
southwest,southwest,1987,0,4,52,1,
photos,photo,1990,0,3,32,0,
virtual,virtual,1995,0,15,75,0,
tour,tour,1996,0,5,39,0,
noted,note,1997,0,4,45,0,
architect,architect,1998,0,2,29,1,
cathedral,cathedr,2001,0,9,172,1,
bells,bell,2010,0,4,73,0,
whistles,whistl,2011,0,3,31,0,
attention,attent,2018,0,5,97,0,
socks,sock,2019,0,7,164,0,
bluff,bluff,2020,0,2,28,1,
before,befor,2021,0,3,27,0,
outstanding,outstand,2024,0,4,40,0,
unwind,unwind,2026,0,5,107,0,
extremely,extrem,2027,0,3,27,0,
birds,bird,2029,0,3,39,1,
cement,cement,2033,0,2,37,1,
pit,pit,2034,0,3,27,0,
leave,leav,2035,0,7,96,0,
surfaces,surfac,2037,0,6,80,0,
balance,balanc,2053,0,4,57,0,
treed,treed,2056,0,3,37,1,
eagles,eagl,2059,0,3,29,1,
canvas,canva,2060,0,3,26,1,
glorious,gloriou,2066,0,3,44,0,
mechanicals,mechan,2070,0,3,56,1,
lift,lift,2072,0,2,32,0,
treasures,treasur,2073,0,3,38,1,
shutters,shutter,2080,0,5,67,1,
sky,sky,2083,0,4,50,1,
blank,blank,2084,0,4,55,0,
dynamic,dynam,2090,0,4,42,0,
mosaic,mosaic,2095,0,9,223,1,
elements,element,2097,0,3,37,1,
butcher,butcher,2098,0,5,60,1,
really,realli,2100,0,4,68,0,
westwood,westwood,2102,0,3,53,1,
were,were,2110,0,3,44,0,
al,al,2112,0,2,47,0,
eastside,eastsid,2114,0,5,60,1,
english,english,2115,0,6,66,1,
become,becom,2118,0,3,41,0,
sep,sep,2121,0,3,40,0,
rebuilt,rebuilt,2122,0,4,54,1,
bsmnt,bsmnt,2130,0,6,87,1,178
bdr,bdr,2132,0,5,78,1,82
installed,instal,2134,0,6,67,1,
visit,visit,2138,0,3,40,0,
turnkey,turnkei,2140,0,4,69,1,
bookshelves,bookshelv,2141,0,5,69,1,
buy,bui,2142,0,5,64,1,
me,me,2143,0,9,129,0,
dated,date,2145,0,12,58,0,
seaview,seaview,2146,0,3,29,1,
flexible,flexibl,2147,0,4,40,0,
cooktop,cooktop,2150,0,6,130,1,
grill,grill,2151,0,3,59,1,
mkt,mkt,2157,0,2,39,1,1023
nearly,nearli,2159,0,3,32,0,
yd,yd,2160,0,7,90,1,56
chicken,chicken,2161,0,4,69,1,
neighbor,neighbor,2163,0,3,50,1,
min,min,2166,0,10,145,0,
approx,approx,2167,0,11,192,0,
pretty,pretti,2169,0,3,48,1,
practical,practic,2170,0,4,60,1,
picket,picket,2171,0,4,51,1,
behind,behind,2174,0,4,60,0,
matches,match,2176,0,6,70,0,
belvidere,belvider,2179,0,3,31,1,
preserved,preserv,2180,0,5,84,0,
dry,dry,2181,0,5,85,1,
soothing,sooth,2183,0,4,63,0,
hutch,hutch,2186,0,3,27,1,
crisp,crisp,2190,0,3,51,1,
thoughtfully,thoughtfulli,2192,0,3,62,0,
unlimited,unlimit,2193,0,7,165,0,
tremendous,tremend,2197,0,2,32,0,
ste,ste,2199,0,5,62,0,
lwr,lwr,2205,0,3,40,0,
lvl,lvl,2206,0,4,55,0,
tandem,tandem,2207,0,6,100,0,
boundary,boundari,2212,0,5,66,1,
radiates,radiat,2216,0,3,40,1,
purpose,purpos,2219,0,3,36,0,
million,million,2224,0,5,91,0,
unbeatable,unbeat,2225,0,4,44,0,
dt,dt,2226,0,2,38,0,
interests,interest,2230,0,4,50,0,
native,nativ,2235,0,2,35,1,
pub,pub,2236,0,3,45,0,
replaced,replac,2237,0,6,72,0,
oozing,ooz,2238,0,4,65,0,
button,button,2240,0,3,34,0,
warmth,warmth,2242,0,3,37,1,
bellevue,bellevu,2247,0,5,74,1,
facility,facil,2252,0,7,75,0,
japanese,japanes,2256,0,2,30,1,
maximizes,maxim,2263,0,2,34,0,
numerous,numer,2264,0,3,56,0,
pc,pc,2268,0,6,100,0,
thoroughly,thoroughli,2271,0,3,48,0,
spilling,spill,2272,0,2,25,0,
gaze,gaze,2273,0,3,34,1,
madison,madison,2276,0,2,27,1,
picturesque,picturesqu,2279,0,8,178,1,
playfield,playfield,2280,0,6,84,1,
sumptuous,sumptuou,2282,0,4,71,0,
2br,2br,2284,0,5,73,0,82
scaled,scale,2288,0,4,50,0,
stage,stage,2290,0,4,40,1,
sunlight,sunlight,2291,0,3,37,1,90
lk,lk,2292,0,6,90,1,284
daily,daili,2296,0,6,103,1,
sub,sub,2306,0,2,29,0,
environment,environ,2312,0,7,95,1,
canal,canal,2313,0,2,26,1,
locks,lock,2315,0,4,60,1,
bridge,bridg,2316,0,4,73,1,
beckons,beckon,2319,0,7,118,0,
cheery,cheeri,2322,0,3,34,0,
believe,believ,2323,0,3,54,0,
waterfalls,waterfal,2324,0,2,27,1,
dreamy,dreami,2326,0,3,33,0,
mostly,mostli,2328,0,4,50,0,
adorned,adorn,2339,0,4,71,0,
renowned,renown,2342,0,3,46,0,
memories,memori,2344,0,2,30,0,
orig,orig,2345,0,3,33,1,117
gazebo,gazebo,2346,0,3,48,1,
www,www,2352,0,4,52,0,
intact,intact,2354,0,6,63,0,
pot,pot,2358,0,10,191,0,
thermal,thermal,2359,0,3,42,1,
same,same,2361,0,4,32,0,
alcove,alcov,2364,0,7,136,1,
limestone,limeston,2365,0,3,43,1,
untouched,untouch,2366,0,3,48,0,
toilet,toilet,2368,0,3,25,1,
birch,birch,2369,0,3,53,1,
rain,rain,2370,0,2,32,1,
premiere,premier,2373,0,3,67,0,
hall,hall,2375,0,5,53,1,
study,studi,2378,0,5,76,1,
lounging,loung,2383,0,3,77,0,
fits,fit,2384,0,4,51,0,
project,project,2386,0,5,74,0,
further,further,2387,0,6,98,0,
marina,marina,2389,0,3,43,1,
shopprop,shopprop,2391,0,4,47,1,
we,we,2392,0,15,89,0,
our,our,2393,0,11,112,0,
commission,commiss,2394,0,7,64,0,
mls,ml,2395,0,4,26,0,
company,compani,2397,0,4,39,1,
per,per,2403,0,7,58,0,
nwmls,nwml,2404,0,4,58,0,
rule,rule,2405,0,4,34,0,
advertising,advertis,2407,0,4,32,0,
brokered,broker,2409,0,7,76,0,
prop,prop,2410,0,5,57,0,
brilliant,brilliant,2411,0,6,34,0,
far,far,2412,0,4,40,0,
draw,draw,2417,0,3,32,0,
restful,rest,2425,0,2,29,1,
buslines,buslin,2431,0,3,56,1,171
townhome,townhom,2432,0,3,43,1,
quick,quick,2433,0,5,51,0,
miele,miel,2435,0,10,185,1,
wedgwood,wedgwood,2436,0,4,50,1,1652
membership,membership,2442,0,9,213,0,
wedgewood,wedgewood,2445,0,3,46,1,
maximum,maximum,2447,0,5,25,0,
hm,hm,2452,0,3,48,0,
bthrms,bthrm,2453,0,5,72,1,358
spring,spring,2461,0,3,45,1,
mud,mud,2462,0,6,65,1,
jewel,jewel,2463,0,5,125,0,
everyday,everydai,2465,0,3,60,0,
adventures,adventur,2466,0,4,66,0,
social,social,2470,0,4,55,1,
improved,improv,2471,0,3,39,0,
case,case,2473,0,9,113,1,
frml,frml,2476,0,3,36,0,99
foundation,foundat,2483,0,5,70,1,
significant,signific,2494,0,4,62,0,
pre,pre,2506,0,2,35,0,
visions,vision,2507,0,5,59,0,
expense,expens,2510,0,4,87,0,
spared,spare,2511,0,4,67,0,
verify,verifi,2516,0,4,45,0,
d,d,2522,0,6,84,0,
husky,huski,2528,0,9,194,1,
stadium,stadium,2529,0,3,28,1,
lavish,lavish,2530,0,4,43,0,
oh,oh,2533,0,7,84,0,
matthews,matthew,2535,0,4,32,1,
idyllic,idyl,2536,0,7,100,0,
producing,produc,2537,0,5,56,0,
pear,pear,2542,0,3,29,1,
offstreet,offstreet,2550,0,3,23,1,
shines,shine,2553,0,2,32,0,
distinctive,distinct,2554,0,8,132,0,
dormer,dormer,2568,0,5,64,1,
zoo,zoo,2569,0,2,23,1,
herbs,herb,2570,0,7,106,1,
bistros,bistro,2575,0,2,35,1,
friends,friend,2576,0,3,28,1,
hardware,hardwar,2578,0,10,195,1,
perennial,perenni,2580,0,4,79,1,
sconces,sconc,2584,0,5,77,1,
stellar,stellar,2585,0,3,29,0,
orientation,orient,2586,0,3,32,0,
shake,shake,2587,0,3,39,0,
mere,mere,2590,0,2,27,0,
demand,demand,2602,0,2,27,0,
enough,enough,2609,0,4,89,0,
victorian,victorian,2612,0,7,129,1,
china,china,2613,0,3,63,1,
ave,av,2615,0,4,36,1,
lends,lend,2617,0,10,191,0,
ideas,idea,2619,0,3,50,0,
history,histori,2621,0,3,38,0,
movie,movi,2624,0,3,49,1,
how,how,2625,0,6,78,0,
historichomesinseattle,historichomesinseattl,2631,0,4,58,1,
amazon,amazon,2633,0,5,31,1,
am,am,2635,0,3,29,0,
people,peopl,2639,0,4,27,0,
my,my,2641,0,3,26,0,
courtesy,courtesi,2643,0,14,70,0,
john,john,2644,0,3,32,0,
sand,sand,2664,0,4,57,1,
stars,star,2670,0,3,35,1,
hang,hang,2680,0,7,105,0,
nightlife,nightlif,2687,0,5,58,1,
coffered,coffer,2703,0,2,25,1,
known,known,2706,0,2,25,0,
llc,llc,2707,0,5,25,0,
claw,claw,2710,0,3,27,1,
ez,ez,2718,0,3,47,0,
eye,ey,2727,0,5,75,0,
rated,rate,2734,0,5,49,0,
workbench,workbench,2740,0,7,41,1,
escape,escap,2742,0,3,35,0,
begin,begin,2743,0,4,38,0,
seamless,seamless,2759,0,3,40,0,
belt,belt,2763,0,6,48,0,
among,among,2771,0,3,27,0,
winding,wind,2772,0,4,32,0,
tiered,tier,2799,0,2,24,1,
tenant,tenant,2802,0,5,39,1,
playhouse,playhous,2811,0,3,25,1,
iron,iron,2813,0,3,48,1,
classy,classi,2828,0,4,86,0,
prominent,promin,2838,0,2,35,1,
king,king,2841,0,3,28,1,
nothing,noth,2842,0,3,39,0,
row,row,2843,0,4,100,1,
words,word,2861,0,3,39,0,
rooftop,rooftop,2865,0,5,58,1,
serve,serv,2866,0,7,113,0,
selected,select,2870,0,5,78,0,
ask,ask,2871,0,3,25,0,
unpainted,unpaint,2877,0,2,35,1,
address,address,2878,0,2,29,1,
stanford,stanford,2880,0,2,23,1,
earthquake,earthquak,2883,0,2,23,1,
retrofitting,retrofit,2884,0,3,44,1,
wolf,wolf,2885,0,3,68,1,
subzero,subzero,2893,0,7,137,1,
mill,mill,2894,0,3,45,0,
crystal,crystal,2895,0,4,70,1,
book,book,2896,0,2,28,1,
hook,hook,2897,0,6,92,1,
mini,mini,2901,0,3,27,0,
early,earli,2902,0,3,55,0,
blinds,blind,2909,0,4,46,0,
unfin,unfin,2911,0,4,71,0,
f,f,2919,0,3,27,0,
simple,simpl,2923,0,4,57,0,
21st,21st,2926,0,2,33,1,
soapstone,soapston,2937,0,2,32,1,
group,group,2949,0,3,30,0,
stairway,stairwai,2955,0,2,26,1,
trendy,trendi,2982,0,2,37,0,
plums,plum,2984,0,2,27,1,
toys,toi,2985,0,2,41,1,
growth,growth,2993,0,3,49,0,
plastered,plaster,3012,0,2,29,1,
positioned,posit,3013,0,2,28,1,
proportioned,proport,3018,0,3,43,1,
amount,amount,3019,0,4,38,1,
transformed,transform,3021,0,3,29,0,
golf,golf,3038,0,6,69,1,
international,intern,3039,0,7,140,1,
valley,vallei,3042,0,3,29,1,
record,record,3046,0,6,97,0,
class,class,3050,0,2,25,0,
entryway,entrywai,3058,0,3,36,0,
wndws,wndw,3059,0,2,48,1,79
doorknobs,doorknob,3065,0,2,27,1,
upside,upsid,3085,0,4,26,1,
salmon,salmon,3086,0,3,36,1,
boutique,boutiqu,3098,0,5,54,1,
refined,refin,3101,0,4,48,0,
qa,qa,3105,0,4,56,0,
celebrations,celebr,3110,0,7,114,1,
seen,seen,3114,0,2,36,0,
direct,direct,3118,0,5,35,0,
raspberries,raspberri,3130,0,6,90,1,
sprawling,sprawl,3137,0,3,27,1,
underground,underground,3144,0,4,37,1,
addtl,addtl,3146,0,4,31,0,
m,m,3147,0,3,26,0,
substantially,substanti,3149,0,3,40,0,
glowing,glow,3152,0,2,26,0,
sunken,sunken,3154,0,3,31,0,
sylvan,sylvan,3157,0,6,51,1,
fplcs,fplc,3162,0,2,25,1,89
expect,expect,3165,0,3,59,0,
extraordinary,extraordinari,3167,0,4,34,0,
contractor,contractor,3181,0,3,45,1,
shade,shade,3182,0,2,38,1,
sweat,sweat,3184,0,4,51,0,
forest,forest,3188,0,3,46,1,
jefferson,jefferson,3193,0,3,42,1,
course,cours,3194,0,4,59,1,
pouring,pour,3205,0,2,29,1,
faucet,faucet,3206,0,2,37,1,
prkg,prkg,3213,0,3,30,1,883
past,past,3216,0,3,29,0,
filter,filter,3219,0,5,74,1,
someone,someon,3220,0,2,38,0,
seatac,seatac,3232,0,3,26,1,
surprisingly,surprisingli,3234,0,3,26,0,
benefit,benefit,3235,0,3,32,0,
malls,mall,3240,0,3,33,1,
apt,apt,3241,0,4,76,1,294
soon,soon,3242,0,5,45,0,
satisfaction,satisfact,3248,0,4,42,0,
vacant,vacant,3249,0,4,35,1,
yrd,yrd,3257,0,5,34,1,56
applcs,applc,3261,0,4,31,1,91
incredibly,incredibli,3265,0,4,46,0,
grass,grass,3267,0,3,36,1,
approximately,approxim,3269,0,3,35,0,
anywhere,anywher,3271,0,2,23,0,
carefully,carefulli,3278,0,2,28,0,
buffet,buffet,3282,0,4,39,1,
drip,drip,3288,0,2,35,0,
windermere,windermer,3290,0,4,30,1,
met,met,3291,0,4,29,0,
storm,storm,3292,0,4,56,0,
sunlit,sunlit,3293,0,2,36,1,90
redesigned,redesign,3304,0,3,33,1,
arboretum,arboretum,3305,0,3,29,1,
laurelhurst,laurelhurst,3307,0,6,113,1,
mean,mean,3316,0,9,140,0,
sure,sure,3317,0,3,36,0,
i5,i5,3319,0,4,65,1,
express,express,3320,0,6,60,1,
accessory,accessori,3330,0,4,47,0,
sharp,sharp,3332,0,2,26,0,
hwy,hwy,3333,0,3,26,1,
less,less,3334,0,4,71,0,
slu,slu,3360,0,5,89,0,
bordered,border,3368,0,5,43,1,
revival,reviv,3372,0,3,44,0,
skip,skip,3373,0,4,34,0,
contained,contain,3393,0,3,31,0,
ribbon,ribbon,3411,0,2,33,0,
why,why,3418,0,3,37,0,
flair,flair,3421,0,5,32,0,
collect,collect,3425,0,3,53,0,
pvt,pvt,3430,0,3,25,1,
college,colleg,3436,0,3,31,1,
northgate,northgat,3437,0,2,29,1,
pinehurst,pinehurst,3439,0,7,144,1,
pavers,paver,3444,0,4,36,1,
curved,curv,3447,0,2,27,0,
desk,desk,3449,0,2,29,1,
prof,prof,3450,0,3,53,0,
chimney,chimnei,3452,0,3,30,1,
dazzling,dazzl,3459,0,2,48,0,
spread,spread,3463,0,4,28,0,
koi,koi,3466,0,2,26,1,
dock,dock,3472,0,3,25,1,
ambiance,ambianc,3473,0,6,64,1,
ext,ext,3476,0,3,37,0,
display,displai,3484,0,4,69,0,
financing,financ,3491,0,3,39,1,
edge,edg,3495,0,7,25,0,
priv,priv,3505,0,2,29,1,45
complementing,complement,3534,0,2,35,0,
tone,tone,3548,0,2,37,0,
them,them,3562,0,3,42,0,
pop,pop,3564,0,4,32,0,
interbay,interbai,3566,0,2,32,1,
plantation,plantat,3572,0,2,30,1,
blvd,blvd,3575,0,4,26,1,1155
immediate,immedi,3587,0,3,32,0,
proud,proud,3603,0,3,35,1,2
yes,ye,3609,0,2,27,0,
1bath,1bath,3616,0,5,53,1,358
fin,fin,3621,0,2,25,0,
bkyd,bkyd,3622,0,3,37,1,56
compelling,compel,3624,0,3,32,0,
rustic,rustic,3637,0,3,40,1,
cat,cat,3681,0,2,30,0,
canopy,canopi,3695,0,3,42,1,
int,int,3705,0,2,35,0,
deluxe,delux,3711,0,3,36,1,
stylishly,stylishli,3713,0,2,33,0,
cash,cash,3718,0,4,27,1,
saves,save,3755,0,5,26,0,
berry,berri,3784,0,3,34,1,
capitol,capitol,3800,0,2,31,1,
internet,internet,3810,0,6,158,1,
x,x,3824,0,3,34,0,
river,river,3836,0,6,52,1,
hub,hub,3838,0,2,29,1,
hawthorn,hawthorn,3873,0,2,32,1,
core,core,3877,0,4,53,0,
blaine,blain,3894,0,2,25,1,
divided,divid,3907,0,3,27,0,
seward,seward,3911,0,4,48,1,
eco,eco,3918,0,15,248,1,
tri,tri,3928,0,3,34,0,
hillside,hillsid,3933,0,3,40,0,
75ba,75ba,3936,0,3,38,1,358
dollars,dollar,3985,0,2,29,1,1916
broadmoor,broadmoor,4016,0,4,39,1,
chandeliers,chandeli,4019,0,2,32,1,
shore,shore,4025,0,3,29,1,
decade,decad,4055,0,3,34,0,
hedge,hedg,4071,0,5,30,1,
repair,repair,4110,0,2,25,0,
imported,import,4112,0,3,30,1,
solidly,solidli,4120,0,3,26,0,
jackson,jackson,4147,0,3,38,1,
thornton,thornton,4148,0,3,34,1,
once,onc,4149,0,4,30,0,
leaf,leaf,4179,0,5,63,1,
victory,victori,4181,0,10,276,1,
portage,portag,4191,0,3,33,1,
4bd,4bd,4245,0,2,46,1,82
name,name,4259,0,2,30,0,
costs,cost,4266,0,4,34,1,
eastern,eastern,4269,0,3,26,1,
appears,appear,4309,0,3,25,0,
wont,wont,4360,0,3,28,0,
happy,happi,4361,0,4,28,0,
tech,tech,4411,0,3,48,1,
juliet,juliet,4416,0,3,35,0,
tangletown,tangletown,4432,0,2,27,1,
lifetime,lifetim,4450,0,6,117,0,
highland,highland,4460,0,3,40,1,
judkins,judkin,4469,0,4,61,1,
artisan,artisan,4488,0,3,24,1,
volunteer,volunt,4517,0,2,25,1,
composite,composit,4523,0,2,29,1,
taken,taken,4672,0,4,55,0,
2bd,2bd,4796,0,3,52,1,82
deco,deco,5017,0,3,25,0,
cluster,cluster,5090,0,2,28,0,
clad,clad,5124,0,2,25,0,
haller,haller,5284,0,2,25,0,
aurora,aurora,5453,0,4,65,1,
montlake,montlak,5507,0,2,29,1,